{
  "test_date": "2025-04-03 15:55:47",
  "prompt": "What equipment can help older adults stay safe and avoid falls during winter?.",
  "Ollama": {
    "model": "qwen2.5:14b",
    "times": [
      7.15118932723999,
      8.29731011390686,
      7.513265371322632,
      7.7315661907196045,
      7.409899711608887
    ],
    "statistics": {
      "avg_time": 7.620646142959595,
      "median_time": 7.513265371322632,
      "min_time": 7.15118932723999,
      "max_time": 8.29731011390686
    }
  },
  "ChatGPT": {
    "model": "gpt-4o-mini",
    "times": [
      7.772520303726196,
      7.17126202583313,
      8.924518823623657,
      8.099108457565308,
      7.862271785736084
    ],
    "statistics": {
      "avg_time": 7.965936279296875,
      "median_time": 7.862271785736084,
      "min_time": 7.17126202583313,
      "max_time": 8.924518823623657
    }
  }
}